id,address,city,housing_type,price,price_per_m2,price_diff%,area,ground_area,rooms,year_built,energy_label,monthly_cost,date_added,date_removed,days_on_sale,status,retrieved,link
1846481,"Sallingvej 68, 1. th.",2720 Vanløse,Ejerlejlighed,1995000,31171,-0.15,64,0,2,1941-01-01,D,2406,2021-11-19,,344,online,2022-10-26 20:28:26,/bolig/1846481/sallingvej_68_1_th_2720_vanloese
1852081,"Bellahøjvej 184, st..",2720 Vanløse,Villalejlighed,3798000,48075,-0.05,79,0,3,1932-01-01,D,3344,2021-12-14,2022-10-29,317,removed,2022-10-26 20:28:26,/bolig/1852081/bellahoejvej_184_st_2720_vanloese
1852471,Tudskærvej 24,2720 Vanløse,Villa,4598000,38638,-0.05,119,644,3,1946-01-01,E,5599,2021-12-16,,317,online,2022-10-26 20:28:26,/bolig/1852471/tudskaervej_24_2720_vanloese
1852764,Skjulhøj Allé 22D,2720 Vanløse,Ejerlejlighed,3995000,88777,-0.11,45,0,3,1899-01-01,D,3477,2021-12-17,,316,online,2022-10-26 20:28:26,/bolig/1852764/skjulhoej_alle_22d_2720_vanloese
1864611,"Ålekistevej 172, 3. 33.",2720 Vanløse,Ejerlejlighed,2500000,28735,-0.09,87,1822,2,1988-01-01,C,3398,2022-02-12,,259,online,2022-10-26 20:28:26,/bolig/1864611/aalekistevej_172_3_33_2720_vanloese
1872458,Ålekistevej 177,2720 Vanløse,Villa,8200000,38679,0.0,212,578,6,1927-01-01,D,6658,2022-03-11,2022-10-29,230,removed,2022-10-26 20:28:26,/bolig/1872458/aalekistevej_177_2720_vanloese
1873730,"Herlufsholmvej 53, 1.",2720 Vanløse,Villalejlighed,2995000,24958,-0.29,120,0,4,1937-01-01,E,2591,2022-03-15,,228,online,2022-10-26 20:28:26,/bolig/1873730/herlufsholmvej_53_1_2720_vanloese
1873789,"Kastanie Allé 26B, ST. TV",2720 Vanløse,Ejerlejlighed,2995000,41027,-0.09,73,0,3,1938-01-01,D,3921,2022-03-15,,228,online,2022-10-26 20:28:26,/bolig/1873789/kastanie_alle_26b_st_tv_2720_vanloese
1875090,Søndervigvej 84,2720 Vanløse,Villa,3300000,27272,-0.27,121,629,3,1929-01-01,-,5275,2022-03-18,,225,online,2022-10-26 20:28:26,/bolig/1875090/soendervigvej_84_2720_vanloese
1876563,"Tybjergvej 101B, 1.",2720 Vanløse,Villalejlighed,3595000,42797,-0.03,84,0,4,1980-01-01,C,3479,2022-03-21,,222,online,2022-10-26 20:28:26,/bolig/1876563/tybjergvej_101b_1_2720_vanloese
1881122,"Kongsdalvej 50, 1.",2720 Vanløse,Villalejlighed,4550000,43750,-0.14,104,547,4,1924-01-01,D,2765,2022-04-04,,208,online,2022-10-26 20:28:26,/bolig/1881122/kongsdalvej_50_1_2720_vanloese
1882538,Slotsherrensvej 135,2720 Vanløse,Villa,5050000,40725,-0.08,124,347,10,,C,4866,2022-04-07,,205,online,2022-10-26 20:28:26,/bolig/1882538/slotsherrensvej_135_2720_vanloese
1884370,"Arnestedet 7, 2. tv",2720 Vanløse,Ejerlejlighed,1995000,38365,-0.09,52,0,2,1935-01-01,F,2564,2022-04-12,,200,online,2022-10-26 20:28:26,/bolig/1884370/arnestedet_7_2_tv_2720_vanloese
1884043,Høgholtvej 3,2720 Vanløse,Villa,7600000,47500,-0.16,160,666,6,1936-01-01,D,6460,2022-04-12,,200,online,2022-10-26 20:28:26,/bolig/1884043/hoegholtvej_3_2720_vanloese
1886195,"Herlufsholmvej 27B, 1.",2720 Vanløse,Villalejlighed,4998000,43460,-0.05,115,0,5,1925-01-01,C,3131,2022-04-15,,197,online,2022-10-26 20:28:26,/bolig/1886195/herlufsholmvej_27b_1_2720_vanloese
1886299,Limfjordsvej 70,2720 Vanløse,Villa,6998000,72895,-0.1,96,785,4,1933-01-01,E,6259,2022-04-16,,196,online,2022-10-26 20:28:26,/bolig/1886299/limfjordsvej_70_2720_vanloese
1886770,"Byhøjen 1, st. tv.",2720 Vanløse,Ejerlejlighed,2495000,28678,-0.11,87,0,2,1940-01-01,E,6218,2022-04-20,,192,online,2022-10-26 20:28:26,/bolig/1886770/byhoejen_1_st_tv_2720_vanloese
1890128,"A.F. Beyers Vej 23, 2. TH",2720 Vanløse,Ejerlejlighed,4500000,45454,-0.14,99,0,4,1931-01-01,C,4357,2022-04-30,,182,online,2022-10-26 20:28:26,/bolig/1890128/af_beyers_vej_23_2_th_2720_vanloese
1890464,"Slotsherrensvej 76, st..",2720 Vanløse,Villalejlighed,3298000,47114,-0.09,70,0,3,1919-01-01,C,2184,2022-05-02,,180,online,2022-10-26 20:28:26,/bolig/1890464/slotsherrensvej_76_st_2720_vanloese
1891850,Toftøjevej 29,2720 Vanløse,Villa,8500000,75892,-0.15,112,831,4,1957-01-01,D,7152,2022-05-05,,177,online,2022-10-26 20:28:26,/bolig/1891850/toftoejevej_29_2720_vanloese
1893271,Guldagervej 14,2720 Vanløse,Villa,6995000,82294,-0.1,85,526,3,1934-01-01,D,6555,2022-05-10,,172,online,2022-10-26 20:28:26,/bolig/1893271/guldagervej_14_2720_vanloese
1894851,"Åbakkevej 47, 1. th.",2720 Vanløse,Ejerlejlighed,2275000,39912,0.0,57,0,2,1941-01-01,D,2948,2022-05-16,,166,online,2022-10-26 20:28:26,/bolig/1894851/aabakkevej_47_1_th_2720_vanloese
1894591,"Godthåbsvej 191, 1. tv.",2720 Vanløse,Ejerlejlighed,2995000,39933,-0.06,75,0,3,1904-01-01,D,3268,2022-05-16,,166,online,2022-10-26 20:28:26,/bolig/1894591/godthaabsvej_191_1_tv_2720_vanloese
1895240,Billesborgvej 9,2720 Vanløse,Villa,7195000,61495,-0.04,117,598,6,1951-01-01,C,5789,2022-05-17,,165,online,2022-10-26 20:28:26,/bolig/1895240/billesborgvej_9_2720_vanloese
1897940,"Bogholder Allé 33B, 2. TV",2720 Vanløse,Ejerlejlighed,4195000,46098,-0.07,91,0,3,1981-01-01,B,3693,2022-05-25,,157,online,2022-10-26 20:28:26,/bolig/1897940/bogholder_alle_33b_2_tv_2720_vanloese
1899238,"Skjulhøj Allé 3, 1.",2720 Vanløse,Ejerlejlighed,3295000,30794,-0.1,107,0,3,1934-01-01,D,4041,2022-05-30,,152,online,2022-10-26 20:28:26,/bolig/1899238/skjulhoej_alle_3_1_2720_vanloese
1899846,"Himmerlandsvej 23, 3. tv",2720 Vanløse,Ejerlejlighed,1995000,35625,-0.2,56,0,2,1934-01-01,D,2961,2022-06-01,,150,online,2022-10-26 20:28:26,/bolig/1899846/himmerlandsvej_23_3_tv_2720_vanloese
1900025,"Jydeholmen 5, 4. tv.",2720 Vanløse,Ejerlejlighed,2795000,43671,-0.07,64,1080,2,1934-01-01,C,2544,2022-06-01,,150,online,2022-10-26 20:28:26,/bolig/1900025/jydeholmen_5_4_tv_2720_vanloese
1900534,Herlufsholmvej 27A,2720 Vanløse,Villa,4495000,88137,-0.06,51,373,2,1941-01-01,D,4239,2022-06-02,2022-10-29,147,removed,2022-10-26 20:28:26,/bolig/1900534/herlufsholmvej_27a_2720_vanloese
1900966,"Grønnehøj 15, 2. TH",2720 Vanløse,Ejerlejlighed,2595000,41190,-0.09,63,0,2,1936-01-01,D,3006,2022-06-03,,148,online,2022-10-26 20:28:26,/bolig/1900966/groennehoej_15_2_th_2720_vanloese
1901661,"Markskellet 8, 1. tv.",2720 Vanløse,Ejerlejlighed,3795000,42166,-0.05,90,0,3,1932-01-01,D,2971,2022-06-07,,144,online,2022-10-26 20:28:26,/bolig/1901661/markskellet_8_1_tv_2720_vanloese
1902762,Ørhagevej 13,2720 Vanløse,Villa,5795000,54669,-0.13,106,662,4,1934-01-01,E,5927,2022-06-09,,142,online,2022-10-26 20:28:26,/bolig/1902762/oerhagevej_13_2720_vanloese
1903233,Langdraget 21 2 tv,2720 Vanløse,Ejerlejlighed,2595000,41190,-0.04,63,0,3,1935-01-01,C,2776,2022-06-10,,141,online,2022-10-26 20:28:26,/bolig/1903233/langdraget_21_2_tv_2720_vanloese
1904524,Slotsherrensvej 95,2720 Vanløse,Villa,5750000,50438,0.0,114,539,5,1940-01-01,D,5097,2022-06-15,,136,online,2022-10-26 20:28:26,/bolig/1904524/slotsherrensvej_95_2720_vanloese
1905188,Egholmvej 24,2720 Vanløse,Villa,4995000,72391,-0.09,69,610,3,1928-01-01,D,5590,2022-06-16,,135,online,2022-10-26 20:28:26,/bolig/1905188/egholmvej_24_2720_vanloese
1905220,Bangsbovej 22,2720 Vanløse,Villa,8495000,56633,-0.06,150,297,5,1939-01-01,D,4843,2022-06-16,,135,online,2022-10-26 20:28:26,/bolig/1905220/bangsbovej_22_2720_vanloese
1905584,"Vanløse Allé 11, 1. TV",2720 Vanløse,Ejerlejlighed,2095000,41078,-0.02,51,0,2,1937-01-01,C,2695,2022-06-17,,134,online,2022-10-26 20:28:26,/bolig/1905584/vanloese_alle_11_1_tv_2720_vanloese
1906877,"Linde Allé 11, 3. 302",2720 Vanløse,Ejerlejlighed,1795000,36632,-0.1,49,0,2,1971-01-01,D,2463,2022-06-21,,130,online,2022-10-26 20:28:26,/bolig/1906877/linde_alle_11_3_302_2720_vanloese
1907708,Slotsherrensvej 112B,2720 Vanløse,Villalejlighed,2995000,39933,-0.17,75,695,2,1932-01-01,C,2582,2022-06-23,,128,online,2022-10-26 20:28:26,/bolig/1907708/slotsherrensvej_112b_2720_vanloese
1907379,Birkholmvej 33,2720 Vanløse,Villa,7995000,39000,-0.2,205,723,6,1939-01-01,D,6617,2022-06-22,,129,online,2022-10-26 20:28:26,/bolig/1907379/birkholmvej_33_2720_vanloese
1908472,Jyllingevej 108,2720 Vanløse,Villa,3595000,57983,-0.08,62,528,3,1940-01-01,D,4767,2022-06-27,,124,online,2022-10-26 20:28:26,/bolig/1908472/jyllingevej_108_2720_vanloese
1908769,"Bratskovvej 19, st.. th.",2720 Vanløse,Ejerlejlighed,7295000,50310,0.0,145,916,6,1939-01-01,D,5041,2022-06-27,,124,online,2022-10-26 20:28:26,/bolig/1908769/bratskovvej_19_st_th_2720_vanloese
1909017,"Bratskovvej 12, st.",2720 Vanløse,Villalejlighed,6995000,63590,-0.04,110,771,4,1923-01-01,D,3400,2022-06-28,,123,online,2022-10-26 20:28:26,/bolig/1909017/bratskovvej_12_st_2720_vanloese
1910338,"Rydsletten 21, 1. th.",2720 Vanløse,Ejerlejlighed,2295000,43301,-0.02,53,0,2,1939-01-01,D,2345,2022-07-01,,120,online,2022-10-26 20:28:26,/bolig/1910338/rydsletten_21_1_th_2720_vanloese
1910346,"Flakholmen 22, 1. th.",2720 Vanløse,Ejerlejlighed,2750000,39855,-0.05,69,1913,3,1938-01-01,D,3113,2022-07-01,,120,online,2022-10-26 20:28:26,/bolig/1910346/flakholmen_22_1_th_2720_vanloese
1910638,"Himmerlandsvej 23, st. tv",2720 Vanløse,Ejerlejlighed,2195000,39196,-0.04,56,0,2,1934-01-01,D,2742,2022-07-01,,120,online,2022-10-26 20:28:26,/bolig/1910638/himmerlandsvej_23_st_tv_2720_vanloese
1910788,"Ådalsvej 63, ST. TH",2720 Vanløse,Ejerlejlighed,1495000,38333,-0.06,39,0,1,1937-01-01,D,1647,2022-07-03,,118,online,2022-10-26 20:28:26,/bolig/1910788/aadalsvej_63_st_th_2720_vanloese
1910961,"Markskellet 1, 3. mf.",2720 Vanløse,Ejerlejlighed,2095000,37410,-0.07,56,0,2,1936-01-01,C,2698,2022-07-04,,117,online,2022-10-26 20:28:26,/bolig/1910961/markskellet_1_3_mf_2720_vanloese
1910951,"Vinkelager 1, ST. TV",2720 Vanløse,Ejerlejlighed,2200000,37931,-0.03,58,0,2,1957-01-01,D,2080,2022-07-04,,117,online,2022-10-26 20:28:26,/bolig/1910951/vinkelager_1_st_tv_2720_vanloese
1911346,Klingseyvej 10,2720 Vanløse,Villa,9795000,49221,0.0,199,686,7,1899-01-01,C,6552,2022-07-05,,116,online,2022-10-26 20:28:26,/bolig/1911346/klingseyvej_10_2720_vanloese
1912130,"Nedertoften 25, 1. tv.",2720 Vanløse,Ejerlejlighed,2448000,41491,-0.12,59,0,2,1939-01-01,D,3313,2022-07-07,,114,online,2022-10-26 20:28:28,/bolig/1912130/nedertoften_25_1_tv_2720_vanloese
1911985,"Langdraget 31, st. th",2720 Vanløse,Ejerlejlighed,2795000,48189,-0.07,58,0,3,1935-01-01,D,2990,2022-07-07,,114,online,2022-10-26 20:28:28,/bolig/1911985/langdraget_31_st_th_2720_vanloese
1912536,"Kærholmen 17, 2. th.",2720 Vanløse,Ejerlejlighed,2095000,39528,-0.14,53,5500,2,1939-01-01,D,2345,2022-07-08,,113,online,2022-10-26 20:28:28,/bolig/1912536/kaerholmen_17_2_th_2720_vanloese
1913057,"Sallingvej 62, st.. th.",2720 Vanløse,Ejerlejlighed,2995000,29653,0.0,101,1090,3,1941-01-01,D,5602,2022-07-11,,110,online,2022-10-26 20:28:28,/bolig/1913057/sallingvej_62_st_th_2720_vanloese
1914047,"Dybendalsvej 71, ST. TH",2720 Vanløse,Ejerlejlighed,2650000,36301,0.0,73,0,2,1957-01-01,D,3573,2022-07-13,,108,online,2022-10-26 20:28:28,/bolig/1914047/dybendalsvej_71_st_th_2720_vanloese
1914925,"Sallingvej 64, 2. th",2720 Vanløse,Ejerlejlighed,2050000,32031,-0.05,64,0,2,1941-01-01,D,2971,2022-07-18,,103,online,2022-10-26 20:28:28,/bolig/1914925/sallingvej_64_2_th_2720_vanloese
1915025,Tybjergvej 65A,2720 Vanløse,Rækkehus,3995000,39554,-0.05,101,735,3,1971-01-01,C,3200,2022-07-18,,103,online,2022-10-26 20:28:28,/bolig/1915025/tybjergvej_65a_2720_vanloese
1915079,Slotsherrensvej 131B,2720 Vanløse,Rækkehus,5250000,37500,0.0,140,618,4,1976-01-01,C,3363,2022-07-18,,103,online,2022-10-26 20:28:28,/bolig/1915079/slotsherrensvej_131b_2720_vanloese
1915415,"Bogholder Allé 15, st. tv.",2720 Vanløse,Ejerlejlighed,1998000,32225,-0.13,62,0,2,1987-01-01,E,3395,2022-07-19,,102,online,2022-10-26 20:28:28,/bolig/1915415/bogholder_alle_15_st_tv_2720_vanloese
1915237,"Himmerlandsvej 21, 3. tv.",2720 Vanløse,Ejerlejlighed,2395000,39916,-0.04,60,762,2,1934-01-01,D,2437,2022-07-19,2022-10-29,100,removed,2022-10-26 20:28:28,/bolig/1915237/himmerlandsvej_21_3_tv_2720_vanloese
1915416,"Hyltebjerg Allé 1, st. th",2720 Vanløse,Ejerlejlighed,2495000,41583,-0.07,60,0,3,1938-01-01,D,3560,2022-07-19,,102,online,2022-10-26 20:28:28,/bolig/1915416/hyltebjerg_alle_1_st_th_2720_vanloese
1915743,Nedertoften 19 2 tv,2720 Vanløse,Ejerlejlighed,2255000,39561,-0.06,57,0,2,1939-01-01,D,2887,2022-07-20,,101,online,2022-10-26 20:28:28,/bolig/1915743/nedertoften_19_2_tv_2720_vanloese
1916203,"Nedertoften 27, st. th.",2720 Vanløse,Ejerlejlighed,2195000,41415,-0.05,53,0,2,1939-01-01,D,2469,2022-07-22,,99,online,2022-10-26 20:28:28,/bolig/1916203/nedertoften_27_st_th_2720_vanloese
1916552,"Slotsherrensvej 132D, 1.",2720 Vanløse,Villalejlighed,4345000,37456,0.0,116,0,4,1916-01-01,D,3885,2022-07-25,,96,online,2022-10-26 20:28:28,/bolig/1916552/slotsherrensvej_132d_1_2720_vanloese
1916726,"Flakholmen 13, st. tv",2720 Vanløse,Ejerlejlighed,2345000,38442,-0.1,61,0,3,1938-01-01,D,3024,2022-07-26,,95,online,2022-10-26 20:28:28,/bolig/1916726/flakholmen_13_st_tv_2720_vanloese
1916874,"Åløkkevej 29, 2. tv.",2720 Vanløse,Ejerlejlighed,2695000,42109,-0.07,64,2402,3,1937-01-01,D,2839,2022-07-26,,95,online,2022-10-26 20:28:28,/bolig/1916874/aaloekkevej_29_2_tv_2720_vanloese
1916847,Svankærvej 10,2720 Vanløse,Villa,6195000,52948,-0.11,117,655,6,1932-01-01,C,5819,2022-07-26,,95,online,2022-10-26 20:28:28,/bolig/1916847/svankaervej_10_2720_vanloese
1916951,"Jyllingevej 104, 2.",2720 Vanløse,Ejerlejlighed,2550000,32278,-0.05,79,0,3,1931-01-01,D,3601,2022-07-27,,94,online,2022-10-26 20:28:28,/bolig/1916951/jyllingevej_104_2_2720_vanloese
1917353,"Ålekistevej 34, 3. tv.",2720 Vanløse,Ejerlejlighed,1695000,39418,-0.06,43,0,1,1957-01-01,D,1749,2022-07-28,,93,online,2022-10-26 20:28:28,/bolig/1917353/aalekistevej_34_3_tv_2720_vanloese
1918005,"Ådalsvej 59, 1. mf.",2720 Vanløse,Ejerlejlighed,1899000,44162,-0.05,43,2807,2,1937-01-01,D,1866,2022-08-01,,89,online,2022-10-26 20:28:28,/bolig/1918005/aadalsvej_59_1_mf_2720_vanloese
1918002,"Holsteinborgvej 10, 1.",2720 Vanløse,Villalejlighed,4295000,61357,0.0,70,0,3,1929-01-01,D,2052,2022-08-01,,89,online,2022-10-26 20:28:28,/bolig/1918002/holsteinborgvej_10_1_2720_vanloese
1918366,"Bogholder Allé 76A, 3. TV",2720 Vanløse,Ejerlejlighed,2275000,40625,-0.05,56,0,2,1958-01-01,C,2349,2022-08-02,,88,online,2022-10-26 20:28:28,/bolig/1918366/bogholder_alle_76a_3_tv_2720_vanloese
1918708,"Vinkelager 7, 2. th.",2720 Vanløse,Ejerlejlighed,2245000,40089,-0.06,56,1373,2,1957-01-01,D,2846,2022-08-03,,87,online,2022-10-26 20:28:28,/bolig/1918708/vinkelager_7_2_th_2720_vanloese
1918701,"Vanløse Allé 45A, 1. tv.",2720 Vanløse,Ejerlejlighed,2250000,43269,-0.1,52,0,2,1940-01-01,D,2483,2022-08-03,,87,online,2022-10-26 20:28:28,/bolig/1918701/vanloese_alle_45a_1_tv_2720_vanloese
1918700,"Slotsherrensvej 13, st.. th.",2720 Vanløse,Ejerlejlighed,2298000,45960,-0.08,50,0,2,1936-01-01,C,2739,2022-08-03,,87,online,2022-10-26 20:28:28,/bolig/1918700/slotsherrensvej_13_st_th_2720_vanloese
1918670,"Morsøvej 12, 1. TV",2720 Vanløse,Ejerlejlighed,2350000,43518,-0.04,54,0,2,1926-01-01,C,3510,2022-08-03,,87,online,2022-10-26 20:28:28,/bolig/1918670/morsoevej_12_1_tv_2720_vanloese
1918789,"Markskellet 8, st.. th.",2720 Vanløse,Ejerlejlighed,2695000,32469,-0.1,83,0,3,1932-01-01,D,2933,2022-08-03,,87,online,2022-10-26 20:28:28,/bolig/1918789/markskellet_8_st_th_2720_vanloese
1918917,Rebildvej 24,2720 Vanløse,Villa,8295000,40266,-0.02,206,410,10,1935-01-01,C,5108,2022-08-04,,86,online,2022-10-26 20:28:28,/bolig/1918917/rebildvej_24_2720_vanloese
1919271,"Kilholmvej 29A, 2. TV",2720 Vanløse,Ejerlejlighed,2395000,43545,-0.04,55,0,2,1940-01-01,C,2035,2022-08-05,,85,online,2022-10-26 20:28:28,/bolig/1919271/kilholmvej_29a_2_tv_2720_vanloese
1919262,"Jernbane Allé 16, 2. tv",2720 Vanløse,Ejerlejlighed,2525000,43534,-0.05,58,0,2,1939-01-01,D,2549,2022-08-05,,85,online,2022-10-26 20:28:28,/bolig/1919262/jernbane_alle_16_2_tv_2720_vanloese
1919281,Primulavej 10,2720 Vanløse,Villa,9995000,46059,0.0,217,669,6,1934-01-01,D,6964,2022-08-05,,85,online,2022-10-26 20:28:28,/bolig/1919281/primulavej_10_2720_vanloese
1919735,"Ådalsvej 12, st..",2720 Vanløse,Villalejlighed,8195000,68291,0.0,120,0,4,1934-01-01,D,4034,2022-08-08,,82,online,2022-10-26 20:28:28,/bolig/1919735/aadalsvej_12_st_2720_vanloese
1921160,Tybjergvej 47,2720 Vanløse,Villalejlighed,5450000,46982,0.0,116,0,4,2022-01-01,A20,4078,2022-08-12,,78,online,2022-10-26 20:28:28,/bolig/1921160/tybjergvej_47_2720_vanloese
1921950,"Bratskovvej 1A, st.. th.",2720 Vanløse,Ejerlejlighed,4495000,54156,0.0,83,0,4,1937-01-01,E,2918,2022-08-16,,74,online,2022-10-26 20:28:28,/bolig/1921950/bratskovvej_1a_st_th_2720_vanloese
1922496,"Markskellet 10, 3. tv.",2720 Vanløse,Ejerlejlighed,6495000,29522,-0.13,220,4791,6,1932-01-01,D,6636,2022-08-17,,73,online,2022-10-26 20:28:28,/bolig/1922496/markskellet_10_3_tv_2720_vanloese
1922749,"Ålekistevej 53, 1. 10.",2720 Vanløse,Ejerlejlighed,1598000,39950,-0.03,40,0,1,1974-01-01,D,3047,2022-08-18,,72,online,2022-10-26 20:28:28,/bolig/1922749/aalekistevej_53_1_10_2720_vanloese
1922770,"Himmerlandsvej 31, 2. TV",2720 Vanløse,Ejerlejlighed,2695000,38500,-0.05,70,0,4,1932-01-01,D,2224,2022-08-18,,72,online,2022-10-26 20:28:28,/bolig/1922770/himmerlandsvej_31_2_tv_2720_vanloese
1922927,Toftøjevej 25A,2720 Vanløse,Villa,7495000,74950,-0.03,100,706,5,1943-01-01,C,8160,2022-08-18,,72,online,2022-10-26 20:28:28,/bolig/1922927/toftoejevej_25a_2720_vanloese
1924397,"Ådalsvej 23A, st.. th.",2720 Vanløse,Ejerlejlighed,1998000,37698,-0.09,53,0,2,1935-01-01,D,2363,2022-08-24,,66,online,2022-10-26 20:28:28,/bolig/1924397/aadalsvej_23a_st_th_2720_vanloese
1924338,Flakholmen 30 1 tv,2720 Vanløse,Ejerlejlighed,3195000,48409,0.0,66,0,3,1940-01-01,D,2879,2022-08-23,,67,online,2022-10-26 20:28:28,/bolig/1924338/flakholmen_30_1_tv_2720_vanloese
1924505,Dønnerupvej 11,2720 Vanløse,Villa,4998000,42355,-0.05,118,436,4,1966-01-01,D,5130,2022-08-24,,66,online,2022-10-26 20:28:28,/bolig/1924505/doennerupvej_11_2720_vanloese
1925287,"Slotsherrensvej 76, 1.",2720 Vanløse,Ejerlejlighed,2745000,44274,-0.05,62,309,4,1919-01-01,C,2381,2022-08-26,,64,online,2022-10-26 20:28:28,/bolig/1925287/slotsherrensvej_76_1_2720_vanloese
1925347,Lønstrupvej 92,2720 Vanløse,Villa,9995000,62080,0.0,161,691,5,1937-01-01,D,7614,2022-08-26,,64,online,2022-10-26 20:28:28,/bolig/1925347/loenstrupvej_92_2720_vanloese
1925549,"Langdraget 31, 2. tv.",2720 Vanløse,Ejerlejlighed,2198000,39250,0.0,56,0,2,1935-01-01,D,3121,2022-08-27,,63,online,2022-10-26 20:28:28,/bolig/1925549/langdraget_31_2_tv_2720_vanloese
1925816,"Sallingvej 74, 1. th",2720 Vanløse,Ejerlejlighed,2095000,32734,0.0,64,0,2,1937-01-01,D,3207,2022-08-29,,61,online,2022-10-26 20:28:28,/bolig/1925816/sallingvej_74_1_th_2720_vanloese
1925837,Rebildvej 19,2720 Vanløse,Villa,5650000,52314,0.0,108,344,4,1937-01-01,D,4513,2022-08-29,,61,online,2022-10-26 20:28:28,/bolig/1925837/rebildvej_19_2720_vanloese
1926010,"Hasselvej 1, 2. th.",2720 Vanløse,Ejerlejlighed,2270000,39824,-0.05,57,0,2,1935-01-01,F,2745,2022-08-30,,60,online,2022-10-26 20:28:28,/bolig/1926010/hasselvej_1_2_th_2720_vanloese
1927034,"Vinkelager 15, ST. MF",2720 Vanløse,Ejerlejlighed,1495000,40405,-0.06,37,0,1,1957-01-01,D,1863,2022-09-01,,58,online,2022-10-26 20:28:28,/bolig/1927034/vinkelager_15_st_mf_2720_vanloese
1927065,"Bratskovvej 17, st.",2720 Vanløse,Villalejlighed,5998000,54527,-0.1,110,682,4,1925-01-01,F,3434,2022-09-01,,58,online,2022-10-26 20:28:28,/bolig/1927065/bratskovvej_17_st_2720_vanloese
1927078,"Katholmvej 15, st.",2720 Vanløse,Villalejlighed,6895000,69646,-0.05,99,788,4,1929-01-01,C,3651,2022-09-01,,58,online,2022-10-26 20:28:28,/bolig/1927078/katholmvej_15_st_2720_vanloese
1927002,Grøndals Parkvej 48,2720 Vanløse,Villa,9995000,52605,-0.05,190,558,6,1935-01-01,E,5636,2022-09-01,2022-10-29,56,removed,2022-10-26 20:28:32,/bolig/1927002/groendals_parkvej_48_2720_vanloese
1927166,Jernbane Allé 21 4 29,2720 Vanløse,Ejerlejlighed,2995000,41027,0.0,73,0,2,1974-01-01,B,3281,2022-09-01,,58,online,2022-10-26 20:28:32,/bolig/1927166/jernbane_alle_21_4_29_2720_vanloese
1928115,Skjulhøj Allé 22C,2720 Vanløse,Ejerlejlighed,4395000,104642,0.0,42,0,2,1899-01-01,D,3089,2022-09-05,,54,online,2022-10-26 20:28:32,/bolig/1928115/skjulhoej_alle_22c_2720_vanloese
1928825,"Rebildvej 14, st.",2720 Vanløse,Villalejlighed,4995000,47122,0.0,106,860,4,1933-01-01,D,3308,2022-09-07,,52,online,2022-10-26 20:28:32,/bolig/1928825/rebildvej_14_st_2720_vanloese
1929002,"Langdraget 27, st. tv",2720 Vanløse,Ejerlejlighed,2650000,48181,-0.05,55,0,2,1935-01-01,D,2885,2022-09-08,,51,online,2022-10-26 20:28:32,/bolig/1929002/langdraget_27_st_tv_2720_vanloese
1929231,Tybjergvej 27,2720 Vanløse,Villa,7195000,41114,0.0,175,1192,6,1936-01-01,C,7851,2022-09-08,,51,online,2022-10-26 20:28:32,/bolig/1929231/tybjergvej_27_2720_vanloese
1929691,"Skjulhøj Allé 77, st. th",2720 Vanløse,Ejerlejlighed,2395000,35746,0.0,67,0,3,1939-01-01,D,2727,2022-09-09,,50,online,2022-10-26 20:28:32,/bolig/1929691/skjulhoej_alle_77_st_th_2720_vanloese
1929397,Nordbyvej 13,2720 Vanløse,Villalejlighed,3998000,32241,0.0,124,0,5,1934-01-01,D,4078,2022-09-09,,50,online,2022-10-26 20:28:32,/bolig/1929397/nordbyvej_13_2720_vanloese
1930632,"Vendsysselvej 41, st. tv",2720 Vanløse,Ejerlejlighed,6195000,49166,0.0,126,0,5,1936-01-01,D,5131,2022-09-13,,46,online,2022-10-26 20:28:32,/bolig/1930632/vendsysselvej_41_st_tv_2720_vanloese
1930679,Damstien 10,2720 Vanløse,Villa,10500000,52500,0.0,200,1328,7,1943-01-01,D,9898,2022-09-13,,46,online,2022-10-26 20:28:32,/bolig/1930679/damstien_10_2720_vanloese
1931059,"Slotsherrensvej 9, st.. tv.",2720 Vanløse,Ejerlejlighed,2495000,33716,0.0,74,0,3,1936-01-01,C,3395,2022-09-14,,45,online,2022-10-26 20:28:32,/bolig/1931059/slotsherrensvej_9_st_tv_2720_vanloese
1931920,"Nedertoften 37, ST. TH",2720 Vanløse,Ejerlejlighed,2250000,38793,-0.02,58,0,2,1939-01-01,D,2508,2022-09-16,,43,online,2022-10-26 20:28:32,/bolig/1931920/nedertoften_37_st_th_2720_vanloese
1931831,"Bangsbovej 67B, st..",2720 Vanløse,Villalejlighed,5798000,52709,0.0,110,0,4,1931-01-01,E,3370,2022-09-16,,43,online,2022-10-26 20:28:32,/bolig/1931831/bangsbovej_67b_st_2720_vanloese
1932166,"Flakholmen 14, st.. tv.",2720 Vanløse,Ejerlejlighed,2795000,39928,-0.03,70,0,3,1938-01-01,D,2832,2022-09-18,,41,online,2022-10-26 20:28:32,/bolig/1932166/flakholmen_14_st_tv_2720_vanloese
1932578,"Tryggevældevej 25, st..",2720 Vanløse,Villalejlighed,4995000,61666,-0.06,81,612,3,1933-01-01,C,3141,2022-09-19,,40,online,2022-10-26 20:28:32,/bolig/1932578/tryggevaeldevej_25_st_2720_vanloese
1932840,"Bygholmvej 20, st..",2720 Vanløse,Villalejlighed,5895000,62712,0.0,94,709,4,1924-01-01,D,3328,2022-09-20,,39,online,2022-10-26 20:28:32,/bolig/1932840/bygholmvej_20_st_2720_vanloese
1933725,"Bogholder Allé 31A, 3. tv.",2720 Vanløse,Ejerlejlighed,4195000,46098,0.0,91,0,3,1981-01-01,B,3693,2022-09-22,,37,online,2022-10-26 20:28:32,/bolig/1933725/bogholder_alle_31a_3_tv_2720_vanloese
1933321,"Guldagervej 26, 1.",2720 Vanløse,Villalejlighed,4800000,52747,0.0,91,0,4,1941-01-01,E,3885,2022-09-21,,38,online,2022-10-26 20:28:32,/bolig/1933321/guldagervej_26_1_2720_vanloese
1933523,"Lyngholmvej 13B, st..",2720 Vanløse,Villalejlighed,5395000,56789,0.0,95,542,5,1930-01-01,D,3047,2022-09-22,,37,online,2022-10-26 20:28:32,/bolig/1933523/lyngholmvej_13b_st_2720_vanloese
1933629,Lønstrupvej 94,2720 Vanløse,Villa,10800000,51674,-0.05,209,765,8,1937-01-01,C,8204,2022-09-22,,37,online,2022-10-26 20:28:32,/bolig/1933629/loenstrupvej_94_2720_vanloese
1933994,"Rydsletten 17, st. th",2720 Vanløse,Ejerlejlighed,2295000,40982,-0.04,56,0,2,1939-01-01,D,2499,2022-09-23,,36,online,2022-10-26 20:28:32,/bolig/1933994/rydsletten_17_st_th_2720_vanloese
1934404,Eriksholmvej 22,2720 Vanløse,Villa,7495000,47436,0.0,158,600,6,1934-01-01,D,5978,2022-09-24,,35,online,2022-10-26 20:28:32,/bolig/1934404/eriksholmvej_22_2720_vanloese
1934536,Hjortdalsvej 8,2720 Vanløse,Villa,4495000,38093,0.0,118,673,4,1956-01-01,F,5967,2022-09-26,,33,online,2022-10-26 20:28:32,/bolig/1934536/hjortdalsvej_8_2720_vanloese
1936033,Åløkkevej 32B,2720 Vanløse,Rækkehus,6595000,58362,0.0,113,235,4,1945-01-01,C,4676,2022-09-27,,32,online,2022-10-26 20:28:32,/bolig/1936033/aaloekkevej_32b_2720_vanloese
1936292,Vendsysselvej 12 1 tv,2720 Vanløse,Ejerlejlighed,3295000,44527,0.0,74,0,3,1929-01-01,C,3360,2022-09-27,,32,online,2022-10-26 20:28:32,/bolig/1936292/vendsysselvej_12_1_tv_2720_vanloese
1936435,"Grøndals Parkvej 18, 2. tv.",2720 Vanløse,Ejerlejlighed,3295000,45763,0.0,72,0,3,1937-01-01,D,3103,2022-09-28,,31,online,2022-10-26 20:28:32,/bolig/1936435/groendals_parkvej_18_2_tv_2720_vanloese
1936603,Birkholmvej 21,2720 Vanløse,Villa,5995000,51239,0.0,117,617,6,1927-01-01,D,5626,2022-09-28,,31,online,2022-10-26 20:28:32,/bolig/1936603/birkholmvej_21_2720_vanloese
1936878,"Markskellet 3, 2. TV",2720 Vanløse,Ejerlejlighed,1965000,34473,0.0,57,0,2,1936-01-01,C,2795,2022-09-29,,30,online,2022-10-26 20:28:32,/bolig/1936878/markskellet_3_2_tv_2720_vanloese
1936978,"Nedertoften 21, 3. tv.",2720 Vanløse,Ejerlejlighed,3850000,40526,0.0,95,0,4,1939-01-01,D,4354,2022-09-29,,30,online,2022-10-26 20:28:32,/bolig/1936978/nedertoften_21_3_tv_2720_vanloese
1937825,"Hyltebjerg Allé 1, st. tv",2720 Vanløse,Ejerlejlighed,3295000,53145,0.0,62,0,2,1938-01-01,D,3229,2022-10-03,,26,online,2022-10-26 20:28:32,/bolig/1937825/hyltebjerg_alle_1_st_tv_2720_vanloese
1937964,"Markskellet 3, st.. tv.",2720 Vanløse,Ejerlejlighed,2250000,39473,0.0,57,2513,2,1936-01-01,C,2278,2022-10-04,,25,online,2022-10-26 20:28:32,/bolig/1937964/markskellet_3_st_tv_2720_vanloese
1938148,Egholmvej 1,2720 Vanløse,Villa,5995000,61804,0.0,97,578,5,1933-01-01,D,6039,2022-10-04,,25,online,2022-10-26 20:28:32,/bolig/1938148/egholmvej_1_2720_vanloese
1937942,Slotsherrensvej 30,2720 Vanløse,Villa,6995000,63590,0.0,110,820,4,1934-01-01,C,6199,2022-10-04,,25,online,2022-10-26 20:28:32,/bolig/1937942/slotsherrensvej_30_2720_vanloese
1938300,"Bellahøjvej 141, st.. tv.",2720 Vanløse,Andelsbolig,1519907,0,0.05,62,0,2,1952-01-01,C,4536,2022-10-04,,25,online,2022-10-26 20:28:32,/bolig/1938300/bellahoejvej_141_st_tv_2720_vanloese
1938339,"Havdrupvej 98, st.",2720 Vanløse,Villalejlighed,4995000,42692,0.0,117,587,5,1933-01-01,D,4019,2022-10-05,,24,online,2022-10-26 20:28:32,/bolig/1938339/havdrupvej_98_st_2720_vanloese
1938600,Tybjergvej 62A,2720 Vanløse,Villa,5195000,47227,0.0,110,358,4,1987-01-01,C,4711,2022-10-05,,24,online,2022-10-26 20:28:32,/bolig/1938600/tybjergvej_62a_2720_vanloese
1938243,Hjertingvej 29,2720 Vanløse,Villa,10000000,57142,0.0,175,768,7,1938-01-01,C,8354,2022-10-04,,25,online,2022-10-26 20:28:32,/bolig/1938243/hjertingvej_29_2720_vanloese
1939378,"Linde Allé 11, 3. 307.",2720 Vanløse,Ejerlejlighed,1795000,32636,0.0,55,0,1,1971-01-01,D,2882,2022-10-07,,22,online,2022-10-26 20:28:32,/bolig/1939378/linde_alle_11_3_307_2720_vanloese
1939353,"Ådalsvej 69, 2. tv.",2720 Vanløse,Ejerlejlighed,2145000,41250,0.0,52,0,2,1937-01-01,D,2430,2022-10-07,,22,online,2022-10-26 20:28:32,/bolig/1939353/aadalsvej_69_2_tv_2720_vanloese
1939335,"Ålekistevej 100, st. tv.",2720 Vanløse,Andelsbolig,2233438,0,0.0,93,1574,3,1929-01-01,C,3746,2022-10-07,,22,online,2022-10-26 20:28:32,/bolig/1939335/aalekistevej_100_st_tv_2720_vanloese
1939515,Jydeholmen 22 st th,2720 Vanløse,Ejerlejlighed,4995000,43434,0.0,115,0,5,1932-01-01,D,6937,2022-10-07,,22,online,2022-10-26 20:28:32,/bolig/1939515/jydeholmen_22_st_th_2720_vanloese
1939606,"Himmerlandsvej 17, st.. th.",2720 Vanløse,Ejerlejlighed,2195000,39909,0.0,55,732,2,1934-01-01,D,2683,2022-10-09,,20,online,2022-10-26 20:28:32,/bolig/1939606/himmerlandsvej_17_st_th_2720_vanloese
1940353,"Jernbane Allé 18, 2. tv.",2720 Vanløse,Ejerlejlighed,2595000,43250,0.0,60,2048,2,1939-01-01,D,2358,2022-10-11,,18,online,2022-10-26 20:28:32,/bolig/1940353/jernbane_alle_18_2_tv_2720_vanloese
1940624,"Langdraget 17, 1. TV",2720 Vanløse,Ejerlejlighed,2795000,43000,0.0,65,0,3,1934-01-01,D,2699,2022-10-12,,17,online,2022-10-26 20:28:32,/bolig/1940624/langdraget_17_1_tv_2720_vanloese
1940316,Bellahøjvej 170 st th,2720 Vanløse,Ejerlejlighed,3250000,38690,0.0,84,0,3,1935-01-01,E,5847,2022-10-11,,18,online,2022-10-26 20:28:32,/bolig/1940316/bellahoejvej_170_st_th_2720_vanloese
1941059,"Frederiksgårds Allé 12, 1. th.",2720 Vanløse,Ejerlejlighed,2195000,38508,0.0,57,1083,2,1934-01-01,C,2467,2022-10-13,,16,online,2022-10-26 20:28:32,/bolig/1941059/frederiksgaards_alle_12_1_th_2720_vanloese
1941115,"Frederiksgårds Allé 8A, ST. TV",2720 Vanløse,Ejerlejlighed,2795000,35833,0.0,78,0,3,1934-01-01,D,3492,2022-10-13,,16,online,2022-10-26 20:28:32,/bolig/1941115/frederiksgaards_alle_8a_st_tv_2720_vanloese
1941122,"Katrinedalsvej 28A, 1.",2720 Vanløse,Villalejlighed,4795000,47009,0.0,102,384,4,1934-01-01,D,2620,2022-10-13,,16,online,2022-10-26 20:28:32,/bolig/1941122/katrinedalsvej_28a_1_2720_vanloese
1941472,Ved Damhussøen 4,2720 Vanløse,Villa,12500000,40322,0.0,310,894,7,1974-01-01,C,12722,2022-10-14,,15,online,2022-10-26 20:28:32,/bolig/1941472/ved_damhussoeen_4_2720_vanloese
1941653,Sandhøjen 28,2720 Vanløse,Villa,5995000,74937,0.0,80,774,3,1934-01-01,E,6215,2022-10-14,,15,online,2022-10-26 20:28:34,/bolig/1941653/sandhoejen_28_2720_vanloese
1941641,Bellahøjvej 159,2720 Vanløse,Villa,7995000,53300,0.0,150,953,6,1925-01-01,D,7190,2022-10-14,,15,online,2022-10-26 20:28:34,/bolig/1941641/bellahoejvej_159_2720_vanloese
1941727,"Skjulhøj Allé 1, 2. tv.",2720 Vanløse,Ejerlejlighed,2825000,46311,0.0,61,991,3,1934-01-01,D,2318,2022-10-16,,13,online,2022-10-26 20:28:34,/bolig/1941727/skjulhoej_alle_1_2_tv_2720_vanloese
1941769,"Åbakkevej 45, 1. tv",2720 Vanløse,Ejerlejlighed,2350000,40517,0.0,58,0,2,1941-01-01,D,2957,2022-10-17,,12,online,2022-10-26 20:28:34,/bolig/1941769/aabakkevej_45_1_tv_2720_vanloese
1942122,"Kirkebjerg Allé 45, 2. tv.",2720 Vanløse,Ejerlejlighed,2595000,40546,0.0,64,0,2,1936-01-01,D,2301,2022-10-18,,11,online,2022-10-26 20:28:34,/bolig/1942122/kirkebjerg_alle_45_2_tv_2720_vanloese
1942123,"Jernbane Allé 52, 1.",2720 Vanløse,Villalejlighed,4495000,36844,0.0,122,633,4,1903-01-01,F,3018,2022-10-18,,11,online,2022-10-26 20:28:34,/bolig/1942123/jernbane_alle_52_1_2720_vanloese
1942268,"Kongsdalvej 10, 1. + 2. sal",2720 Vanløse,Ejerlejlighed,4995000,39960,0.0,125,540,5,1927-01-01,D,3355,2022-10-18,,11,online,2022-10-26 20:28:34,/bolig/1942268/kongsdalvej_10_1_-_2_sal_2720_vanloese
1942660,"Bobakken 6, 1. tv.",2720 Vanløse,Ejerlejlighed,2150000,40566,0.0,53,1849,2,1940-01-01,C,2707,2022-10-19,,10,online,2022-10-26 20:28:34,/bolig/1942660/bobakken_6_1_tv_2720_vanloese
1943076,"Slotsherrensvej 62, 1.",2720 Vanløse,Villalejlighed,2885000,28850,0.0,100,0,2,1920-01-01,E,4027,2022-10-21,,8,online,2022-10-26 20:28:34,/bolig/1943076/slotsherrensvej_62_1_2720_vanloese
1943015,Harboørevej 6,2720 Vanløse,Villa,4195000,64538,0.0,65,306,3,1946-01-01,D,4635,2022-10-20,,9,online,2022-10-26 20:28:34,/bolig/1943015/harbooerevej_6_2720_vanloese
1943017,Katholmvej 8,2720 Vanløse,Villa,8195000,61156,0.0,134,620,7,1917-01-01,E,6132,2022-10-20,,9,online,2022-10-26 20:28:34,/bolig/1943017/katholmvej_8_2720_vanloese
1943219,Krogebjerg 60,2720 Vanløse,Villa,9495000,55852,0.0,170,701,4,2018-01-01,A15,6034,2022-10-21,,8,online,2022-10-26 20:28:34,/bolig/1943219/krogebjerg_60_2720_vanloese
1943384,"Fossgårdsvej 5, 1.",2720 Vanløse,Villalejlighed,3995000,51217,0.0,78,599,4,1930-01-01,C,2340,2022-10-23,,6,online,2022-10-26 20:28:34,/bolig/1943384/fossgaardsvej_5_1_2720_vanloese
1943617,"Ådalsvej 61, 3. tv.",2720 Vanløse,Ejerlejlighed,2148000,39777,0.0,54,0,2,1937-01-01,D,2321,2022-10-24,,5,online,2022-10-26 20:28:34,/bolig/1943617/aadalsvej_61_3_tv_2720_vanloese
1943660,Tybjergvej 25,2720 Vanløse,Villa,5895000,62052,0.0,95,717,4,1934-01-01,F,6034,2022-10-24,,5,online,2022-10-26 20:28:34,/bolig/1943660/tybjergvej_25_2720_vanloese
1943722,"Skjulhøj Allé 75, ST. TV",2720 Vanløse,Ejerlejlighed,2395000,34214,0.0,70,0,3,1939-01-01,D,2786,2022-10-24,,5,online,2022-10-26 20:28:34,/bolig/1943722/skjulhoej_alle_75_st_tv_2720_vanloese
1943888,"Støvringvej 1, st.",2720 Vanløse,Villalejlighed,9800000,52972,0.0,185,0,7,1920-01-01,E,5100,2022-10-25,,4,online,2022-10-26 20:28:34,/bolig/1943888/stoevringvej_1_st_2720_vanloese
1944392,"Langdraget 7, 1. tv.",2720 Vanløse,Ejerlejlighed,2150000,44791,0.0,48,0,2,1935-01-01,D,2359,2022-10-27,,2,online,2022-10-27 21:50:33,/bolig/1944392/langdraget_7_1_tv_2720_vanloese
1945068,"Grøndals Parkvej 8B, st. tv",2720 Vanløse,Ejerlejlighed,2285000,35703,0.0,64,0,3,1946-01-01,C,3524,2022-10-28,,1,online,2022-10-29 08:30:59,/bolig/1945068/groendals_parkvej_8b_st_tv_2720_vanloese
